{
  "Gemfile": "d1c3946f5657af81f698999c272afa26",
  "LICENSE": "c43ad7837d4770c3823fdab29a78f0e3",
  "README.md": "62277eceda9d844af59a84c7c92bee29",
  "Rakefile": "8a664a2f26fbf22c1ec5c11189fef34b",
  "files/sudoers.aix": "bd432962ee48531ccf5e5d568cd80b49",
  "files/sudoers.archlinux": "fd0e8e9fde4ca6daa76e4d93cc41b94d",
  "files/sudoers.darwin": "d6d0ac14d113212a26175ab70cfd7eba",
  "files/sudoers.debian": "763c6067915a284e94b6f4739575198e",
  "files/sudoers.freebsd": "5b3532761595a8fcf4365fa6356771e8",
  "files/sudoers.gentoo": "948bc6429d09f3599ce5733da096cc6e",
  "files/sudoers.olddebian": "4d5643a935840d424f92618d10a56f3c",
  "files/sudoers.omnios": "bd432962ee48531ccf5e5d568cd80b49",
  "files/sudoers.openbsd": "f790f9a2981b6db24393c8fb05ec1f9b",
  "files/sudoers.rhel5": "b649d9b610dd696d7151275fa1263174",
  "files/sudoers.rhel6": "e75a15fe6e292f01dcc8eae22afae2de",
  "files/sudoers.rhel7": "e7d8a1eb7e25ff8b137d06b802fc7683",
  "files/sudoers.smartos": "e725aedd57aeba343d2e1eabd9258b9d",
  "files/sudoers.solaris": "dd23c1ff63e4570d6ef6b533491c8c2c",
  "files/sudoers.suse": "f00ecbf59e9c795a8442ea68a3bcc987",
  "files/sudoers.ubuntu": "96d9cd290b72e37c1079aa2b4469491a",
  "lib/facter/sudoversion.rb": "cefb8147bf0921b372212c8d959687d8",
  "manifests/allow.pp": "888e9ed1f5e4c6ec4d7309b7dc390296",
  "manifests/conf.pp": "076d0931ff4b9ccaa7c79c8714f6f711",
  "manifests/configs.pp": "623f220defe26b492761f86baf3d9f4e",
  "manifests/init.pp": "368239e1ca38a03e030b0981529bd0be",
  "manifests/package/aix.pp": "1bd2dcffcb75b5b18a6d2ec42df46a53",
  "manifests/package/solaris.pp": "29a23fd4d34c1dc79f5fa97bb490b17f",
  "manifests/package.pp": "b35c930a0401e8d4209c996e74ce8922",
  "manifests/params.pp": "04e6b9547508276a5eb13bbbf9681e01",
  "metadata.json": "7c649e2448ca4d7041734b527701a4d8",
  "spec/acceptance/class_spec.rb": "868ce8b4a5d1731da0d0e81f090392ec",
  "spec/acceptance/nodesets/centos-6-x64-docker.yml": "9e3e3be2108bbd7a877ec3316b2220df",
  "spec/acceptance/nodesets/centos-64-x64.yml": "629e37fce15a89ce3f328de070519ac4",
  "spec/acceptance/nodesets/centos-65-x64.yml": "3e5c36e6aa5a690229e720f4048bb8af",
  "spec/acceptance/nodesets/default.yml": "3223489bb915f8ded7a8d21979789a58",
  "spec/acceptance/nodesets/ubuntu-server-10044-x64.yml": "75e86400b7889888dc0781c0ae1a1297",
  "spec/acceptance/nodesets/ubuntu-server-12042-x64.yml": "d30d73e34cd50b043c7d14e305955269",
  "spec/acceptance/nodesets/ubuntu-server-1404-x64.yml": "5f0aed10098ac5b78e4217bb27c7aaf0",
  "spec/acceptance/sudo_conf_spec.rb": "890cda8495ef94bc13e31202684920c3",
  "spec/classes/package_aix_spec.rb": "d0522235c7516f70829c7709fea4f39a",
  "spec/classes/package_spec.rb": "7b472f9f32071039d305176d9401ddbb",
  "spec/classes/sudo_spec.rb": "261d50cf77b533a12f6eac0033ab0fa1",
  "spec/defines/sudo_spec.rb": "c7c7af5a7ab4f1aa123b565ce378d044",
  "spec/facter/util/fact_sudoversion_spec.rb": "b22963f8aa0756dfd3fbe7dea2ad8c2b",
  "spec/spec.opts": "a600ded995d948e393fbe2320ba8e51c",
  "spec/spec_helper.rb": "aa037735f54da2ebcb6b3d92467d04c5",
  "spec/spec_helper_acceptance.rb": "8709836696a0c0d208baee0be7b0c5f4",
  "templates/sudoers.erb": "d8f8fabf145cda8f43598709a536227d",
  "templates/users_groups.erb": "5f11953d5887ad39c597077242658e1e",
  "tests/init.pp": "a34177c05854e65418f1647f414010c9"
}