{
  "name": "saz-ssh",
  "version": "3.0.1",
  "author": "saz",
  "summary": "Manage SSH client and server via Puppet.",
  "license": "Apache-2.0",
  "source": "git://github.com/saz/puppet-ssh.git",
  "project_page": "https://github.com/saz/puppet-ssh",
  "issues_url": "https://github.com/saz/puppet-ssh/issues",
  "dependencies": [
    {"name":"puppetlabs/stdlib","version_requirement":">= 4.6.0 < 5.0.0"},
    {"name":"puppetlabs/concat","version_requirement":">= 1.2.5 < 3.0.0"}
  ],
  "data_provider": null,
  "operatingsystem_support": [
    {
      "operatingsystem": "RedHat"
    },
    {
      "operatingsystem": "CentOS"
    },
    {
      "operatingsystem": "OracleLinux"
    },
    {
      "operatingsystem": "Scientific"
    },
    {
      "operatingsystem": "Debian"
    },
    {
      "operatingsystem": "Ubuntu"
    },
    {
      "operatingsystem": "FreeBSD"
    },
    {
      "operatingsystem": "OpenBSD"
    },
    {
      "operatingsystem": "Gentoo"
    },
    {
      "operatingsystem": "ArchLinux"
    }
  ],
  "requirements": [
    {
      "name": "puppet",
      "version_requirement": ">= 3.0.0 < 5.0.0"
    }
  ],
  "description": "Manage SSH client and server via puppet"
}
