{
  "CHANGELOG.md": "1b2b91c4e885b62b4eef130607f0e546",
  "CONTRIBUTING.md": "77d0440d7cd4206497f99065c60bed46",
  "Gemfile": "424b47eb0cccebbdb5f9de35eebee23f",
  "LICENSE": "3b83ef96387f14655fc854ddc3c6bd57",
  "MAINTAINERS.md": "c7098fb93e4b0bbeda9e9e2baf2b6476",
  "NOTICE": "4a364fe76a22fc737554e108567f5602",
  "README.md": "ab1eb8a6e051bb24502be869a8cc2884",
  "Rakefile": "3851f083966b9bbd6d46e50dba5aa52a",
  "appveyor.yml": "9b63832ea6e33639c858898d6fd22006",
  "examples/fragment.pp": "01096a870ef7d1a1425999745f64cc2d",
  "examples/init.pp": "356477e6c25394550886bf1c1edb72a4",
  "lib/puppet/type/concat_file.rb": "e7b02f157ef1d05bff5c9eb7e05a7772",
  "lib/puppet/type/concat_fragment.rb": "3203ea0608a63551676dea9ed53de110",
  "locales/config.yaml": "29ee1ea8ad1de5805229f70b552c8d95",
  "manifests/fragment.pp": "e8aea5a8c56ee0a3b6e0d2975a3ed20c",
  "manifests/init.pp": "692f51d75240196ad06d1642ba59003b",
  "metadata.json": "6cb693fc2063117cae21f1958b11a1c3",
  "spec/acceptance/backup_spec.rb": "242ce4dce1efba5efb21850b9bb2a342",
  "spec/acceptance/concat_spec.rb": "80fdb7d63a419b6bb9f9f42bc217171e",
  "spec/acceptance/concurrency_spec.rb": "53984b19ec3a34d7084d7796f98f6857",
  "spec/acceptance/fragment_source_spec.rb": "85deac6d359ffffd363c0e96bab173b3",
  "spec/acceptance/fragments_are_always_replaced_spec.rb": "be39ed9ed30e7bb48aaccda2d7f730ac",
  "spec/acceptance/newline_spec.rb": "5aaf65972c4f8ed4fd1592cd863583f5",
  "spec/acceptance/nodesets/centos-7-x64.yml": "a713f3abd3657f0ae2878829badd23cd",
  "spec/acceptance/nodesets/debian-8-x64.yml": "d2d2977900989f30086ad251a14a1f39",
  "spec/acceptance/nodesets/default.yml": "a77662a1375bdf0dde4ed6bd798f2f45",
  "spec/acceptance/nodesets/docker/centos-7.yml": "8a3892807bdd62306ae4774f41ba11ae",
  "spec/acceptance/nodesets/docker/debian-8.yml": "ac8e871d1068c96de5e85a89daaec6df",
  "spec/acceptance/nodesets/docker/ubuntu-14.04.yml": "dc42ee922a96908d85b8f0f08203ce58",
  "spec/acceptance/order_spec.rb": "14e739dc02b4a4b48c5ed4d2c9bf1d17",
  "spec/acceptance/pup-1963_spec.rb": "71e8a59d674f7a1dafeeba87438a0ca9",
  "spec/acceptance/quoted_paths_spec.rb": "9cce52e33e894f10847b986f1d6e56d2",
  "spec/acceptance/replace_spec.rb": "f0c42c610e53fc9739581d99a3cd94b0",
  "spec/acceptance/specinfra_stubs.rb": "27839261403d8bbccf506552f9d8ef38",
  "spec/acceptance/symbolic_name_spec.rb": "b40452adbfebb0ea9d56547d9daee700",
  "spec/acceptance/validation_spec.rb": "e54226b10f46cfa9e89e57398eddbbd2",
  "spec/acceptance/warn_header_spec.rb": "269e9329646674ec6975c34e0c58e8c1",
  "spec/acceptance/warnings_spec.rb": "99fd93c1df5bdf952b37bd8926ad4868",
  "spec/spec_helper.rb": "b2db3bc02b4ac2fd5142a6621c641b07",
  "spec/spec_helper_acceptance.rb": "c1b41c181bd36836658643af1d2a9b2e",
  "spec/unit/defines/concat_fragment_spec.rb": "1d5b4c3aa0928dc3033762090f9af87c",
  "spec/unit/defines/concat_spec.rb": "32e6ef5e3b03d4cd12a0dfff1f3ebc80",
  "spec/unit/type/concat_file_spec.rb": "b9671fa2de84ca8b4137cd6aaba8e796"
}