{
  "Gemfile": "eb22bf7e00919ef08177b844bf8d0fd8",
  "LICENSE": "d6869a585931245be85fd4aece485172",
  "README.md": "f71cf0cda278188105b81293a5e09f94",
  "Rakefile": "8a664a2f26fbf22c1ec5c11189fef34b",
  "files/sshd_config": "ba9c3f808c811d6f944ad10a508c4767",
  "lib/facter/ssh_client_version.rb": "9e9715dfdafb484844797cf41fccbfbf",
  "lib/facter/ssh_server_version.rb": "74bb558ecf8fefa51200fed8d20578a4",
  "lib/puppet/parser/functions/ipaddresses.rb": "de0061c7694a4f6cae834cc6a3802b04",
  "lib/puppet/parser/functions/sshclient_options_to_augeas_ssh_config.rb": "f976922997cf6c6edac48e0af8663f69",
  "lib/puppet/parser/functions/sshserver_options_to_augeas_sshd_config.rb": "257940de2ae4040e3d34dd9fe37ac80b",
  "manifests/client/config/user.pp": "ec487570d9c88c0c2a808d57525d9e85",
  "manifests/client/config.pp": "15c3d316bc83f5dae85c5e9a49f17338",
  "manifests/client/install.pp": "acb813f7091f90c1e035cf92c8d348d6",
  "manifests/client.pp": "f2d3d5d4a5438e87c6fe1a0a4c878876",
  "manifests/hostkeys.pp": "6da23ca2077fed389609cbc0e187c524",
  "manifests/init.pp": "7c6a65d99cc16a554d1e1ee40b7db879",
  "manifests/knownhosts.pp": "84d5ac0cee8608ee1f9b93499fdc1f1f",
  "manifests/params.pp": "d195975d10481a96a1cb18e6e9d65767",
  "manifests/server/config/setting.pp": "71310cb013b00a48aa7cee0ffc34baf5",
  "manifests/server/config.pp": "60840bdab5abf0357d1f6f4c6092dcf1",
  "manifests/server/host_key.pp": "2fc6c2d5bac173a26eed9ef9eb5b4c16",
  "manifests/server/install.pp": "56f4bb339ff38a52d087fc0599fd77ee",
  "manifests/server/match_block.pp": "92f9d579fe5a58d79c40555593073d52",
  "manifests/server/options.pp": "a0588f2be5665fac7fe1a76000dee6c7",
  "manifests/server/service.pp": "a198d4624cd9e3acc5077f0a6d4ef019",
  "manifests/server.pp": "716bb628b9f017632781b0cc51c98740",
  "manifests/site.pp": "d41d8cd98f00b204e9800998ecf8427e",
  "metadata.json": "0b15a2a966317aabdcf502c4e6716c7d",
  "spec/classes/client_spec.rb": "81eb33af2e3dfb7be9e1050450f085df",
  "spec/classes/init_spec.rb": "dead5ebeb10844c3a36c1876506e66c8",
  "spec/classes/server_spec.rb": "304bb018ef2b611065e84f3fc88b22c3",
  "spec/defines/client/config/user_spec.rb": "43fd565fca3dd53dc0fbefb54ba1ff91",
  "spec/defines/server/config/setting_spec.rb": "52c238a0112e015d2c05f62e6ae2b626",
  "spec/spec.opts": "a600ded995d948e393fbe2320ba8e51c",
  "spec/spec_helper.rb": "5fb22e075ef413190d5d2fd61e908970",
  "spec/unit/facter/ssh_client_version_spec.rb": "56e5c544481dbef0abf6df2501aeed34",
  "spec/unit/facter/ssh_server_version_spec.rb": "804ee0bbdcfe1d7febe1307ecc4ac47e",
  "templates/options.erb": "028fe3405e516de0afee3b420b457a77",
  "templates/ssh_config.erb": "12973c7d01460ab5145785c7b801d51e",
  "templates/sshd_config.erb": "8f510af8ee35def0096ece1f29e7281d",
  "templates/sshd_match_block.erb": "7891fdc63ce6463d4e0007ca45a4defd",
  "tests/init.pp": "b543f81cd1f07efb980a1cb222bc1a8a",
  "tests/server.pp": "6b5a3572b85601d83baa2701cdeca7c4"
}