{
  "name": "ghoneycutt-common",
  "version": "1.6.0",
  "author": "ghoneycutt",
  "summary": "common module to be applied to all nodes",
  "license": "Apache-2.0",
  "source": "git://github.com/ghoneycutt/puppet-module-common.git",
  "project_page": "https://github.com/ghoneycutt/puppet-module-common",
  "issues_url": "https://github.com/ghoneycutt/puppet-module-common/issues",
  "description": "Provide ability to include modules that are common to all nodes.",
  "requirements": [
    {
      "name": "pe",
      "version_requirement": ">= 3.2.0 < 5.0.0"
    },
    {
      "name": "puppet",
      "version_requirement": ">= 3.0.0 < 5.0.0"
    }
  ],
  "operatingsystem_support": [
    {
      "operatingsystem": "Debian"
    },
    {
      "operatingsystem": "RedHat"
    },
    {
      "operatingsystem": "CentOS"
    },
    {
      "operatingsystem": "OracleLinux"
    },
    {
      "operatingsystem": "Scientific"
    },
    {
      "operatingsystem": "Solaris"
    },
    {
      "operatingsystem": "SLES"
    },
    {
      "operatingsystem": "SLED"
    },
    {
      "operatingsystem": "Ubuntu"
    }
  ],
  "dependencies": [
    {"name":"puppetlabs/stdlib","version_requirement":">= 4.6.0 < 6.0.0"}
  ]
}
